"Rental Duration","Avg Rental Rate"
4,"2.9702955665024631"
7,"3.0214136125654450"
6,"2.8956603773584906"
3,"2.8323645320197044"
5,"3.1994240837696335"
