"Store","Average Total Cost"
1,"14.7090176211453744"
2,"14.4854868022501082"
