"Rating","Average Rental Cost"
"PG","3.0518556701030928"
"PG-13","3.0348430493273543"
"NC-17","2.9709523809523810"
"R","2.9387179487179487"
"G","2.8888764044943820"
